Exp Return(A),Standard Deviation(A),Exp Return(B),Standard Deviation(B)
0.07400000000000002,1.162037004574295,-0.1,0.9380031982887905
